Index,Organization Id,Name,Website,Country,Description,Founded,Industry,Number of employees,Lang,Area
4,2bFC1Be8a4ce42f,Holder-Sellers,https://becker.com/,Turkmenistan,De-engineered systemic artificial intelligence,2004,Automotive,921,ar,1628
19,ba179F19F7925f5,Branch-Mann,http://www.lozano.com/,Botswana,Adaptive intangible frame,1999,Architecture ,7961,dz,3385
28,88b1f1cDcf59a37,Prince-David,http://thompson.com/,Christmas Island,Virtual holistic methodology,1970,Banking,1046,bg,2623
49,7b3fe6e7E72bFa4,Berg-Sparks,https://cisneros-love.com/,Canada,Stand-alone static implementation,1974,Arts,2073,my,5969
51,7D9FBF85cdC3871,Lawson and Sons,https://www.wong.com/,French Southern Territories,Compatible analyzing intranet,2021,Arts,3527,zh,847
55,e24D21BFd3bF1E5,Richard PLC,https://holden-coleman.net/,Mayotte,Object-based optimizing model,1971,Broadcast,4942,nl,4747
74,208044AC2fe52F3,Massey LLC,https://frazier.biz/,Suriname,Configurable zero administration Graphical User Interface,1986,Accounting,5004,en,1847
4,2bFC1Be8a4ce42f,Holder-Sellers,https://becker.com/,Turkmenistan,De-engineered systemic artificial intelligence,2004,Automotive,921,ar,7337
19,ba179F19F7925f5,Branch-Mann,http://www.lozano.com/,Botswana,Adaptive intangible frame,1999,Automotive,7961,dz,8798
28,88b1f1cDcf59a37,Prince-David,http://thompson.com/,Christmas Island,Virtual holistic methodology,1970,Banking,1046,bg,6352
49,7b3fe6e7E72bFa4,Berg-Sparks,https://cisneros-love.com/,Canada,Stand-alone static implementation,1974,Arts,2073,my,7463
51,7D9FBF85cdC3871,Lawson and Sons,https://www.wong.com/,French Southern Territories,Compatible analyzing intranet,2021,Arts,3527,zh,2837
55,e24D21BFd3bF1E5,Richard PLC,https://holden-coleman.net/,Mayotte,Object-based optimizing model,1971,Automotive,4942,nl,9685
74,208044AC2fe52F3,Massey LLC,https://frazier.biz/,Suriname,Configurable zero administration Graphical User Interface,1986,Automotive,5004,en,3764
